tanggal,waktu,mode,market,market_id,outcome,wallet,jumlah_trader,keputusan,confidence,bet_amount,harga_entry,status,alasan_ai,budget_terpakai
2026-07-01,14:10:15,CONSENSUS,Spread: Spain (-2.5),0xe76d397afa47ea028b914eec69543c69f9bbec8c313bd3a1dba022bd050b4c22,Spain,"0x26437896ed9dfeb2f69765edcafe8fdceaab39ae, 0xe9a6ed2e4d4ee8ce47cd47cac834746dc4cf627b",2,IKUT,8,5,,paper,"Kedua trader yang terlibat memiliki track record yang solid dengan total nilai redeem yang signifikan, menunjukkan kemampuan analisis yang baik. Selain itu, kesepakatan di antara mereka tentang outcome yang sama menambah kepercayaan bahwa pilihan ini memiliki dasar yang kuat.",5
2026-07-01,14:10:24,CONSENSUS,Will Portugal win on 2026-06-17?,0xcaaa1338d38b5c614196c9a926dd84babc3984442f2ec9b937a16284a199ec3a,Yes,"0x26437896ed9dfeb2f69765edcafe8fdceaab39ae, 0xe9a6ed2e4d4ee8ce47cd47cac834746dc4cf627b",2,IKUT,8,5,,paper,"Kedua trader yang terlibat memiliki track record yang solid dengan total nilai redeem yang signifikan, menunjukkan kemampuan analisis yang baik. Jumlah trader yang sepakat masih terbatas, namun konsistensi keputusan mereka menunjukkan potensi kebenaran dalam analisis mereka.",10
2026-07-01,14:10:31,CONSENSUS,Will JD Vance win the 2028 US Presidential Election?,0x7ad403c3508f8e3912940fd1a913f227591145ca0614074208e0b962d5fcc422,No,"0x709e8dcb133555794decc598e07f2c923b8366f5, 0xa49becb692927d455924583b5e3e5788246f4c40",2,IKUT,8,5,0.8015,paper,"Kedua trader yang terlibat memiliki track record yang solid dengan total nilai redeem yang signifikan, menunjukkan kemampuan analisis yang baik. Konsensus di antara mereka meningkatkan kepercayaan bahwa outcome 'No' memiliki peluang yang lebih tinggi. Namun, perlu diingat bahwa jumlah trader yang terlibat masih terbatas.",15
2026-07-01,14:10:41,CONSENSUS,Will Portugal win on 2026-06-27?,0x597e0e209cef883bb95c6905f07d8066c3ef35652087d3611c43b93f0ed237c2,Yes,"0x709e8dcb133555794decc598e07f2c923b8366f5, 0x28059b3fb7af7ed76d83dc9121bbb72ec7cf76ed",2,IKUT,7,5,,paper,"Kedua trader yang terlibat memiliki track record yang solid dengan masing-masing 3 kali klaim kemenangan, menunjukkan kemampuan analisis yang baik. Meskipun jumlah trader yang terlibat masih relatif kecil, kesepakatan mereka pada outcome yang sama dapat dianggap sebagai sinyal yang cukup kuat untuk diikuti dengan modal kecil.",20
2026-07-01,14:10:51,CONSENSUS,Spread: Argentina (-2.5),0x1724602469147f55b70a28dbb596a2d7580eb0082b89aab07da8a36f10910669,Argentina,"0x709e8dcb133555794decc598e07f2c923b8366f5, 0xe9a6ed2e4d4ee8ce47cd47cac834746dc4cf627b",2,IKUT,8,5,,paper,"Kedua trader yang terlibat memiliki track record yang solid dengan total nilai redeem yang besar, menunjukkan kemampuan analisis yang baik. Selain itu, kesepakatan di antara mereka tentang outcome yang sama menambah kepercayaan bahwa consensus ini bukan hanya kebetulan.",25
2026-07-01,14:11:02,CONSENSUS,Côte d'Ivoire vs. Norway: O/U 2.5,0x7f631610811039f03e85106365e1ef4a34dc6bf8329acb700734a7d859dcc5a2,Under,"0x28059b3fb7af7ed76d83dc9121bbb72ec7cf76ed, 0xa23fad3ff8eb1412fc14e6b490e27f172ca07f29",2,IKUT,8,5,,paper,"Kedua trader yang terlibat memiliki track record yang solid dengan total nilai redeem yang signifikan, menunjukkan kemampuan analisis yang baik. Consensus ini mungkin tidak hanya kebetulan karena trader-trader ini memiliki pengalaman dan hasil yang positif, sehingga membuat keputusan untuk ikut dengan modal kecil menjadi lebih masuk akal.",30
2026-07-01,14:22:46,CONSENSUS,Will Portugal win on 2026-06-17?,0xcaaa1338d38b5c614196c9a926dd84babc3984442f2ec9b937a16284a199ec3a,Yes,"0x26437896ed9dfeb2f69765edcafe8fdceaab39ae, 0xe9a6ed2e4d4ee8ce47cd47cac834746dc4cf627b",2,SKIP,4,0,,skip,"Meskipun salah satu trader memiliki track record yang solid dengan 26 kali klaim kemenangan, jumlah trader yang terlibat masih sangat kecil (hanya 2 trader) dan tidak cukup untuk mengindikasikan kesepakatan yang kuat. Selain itu, market tentang kemenangan Portugal pada tanggal tertentu bisa sangat tidak pasti dan dipengaruhi oleh banyak faktor, membuat keputusan ini kurang dapat diandalkan.",0
2026-07-01,14:22:48,CONSENSUS,Will JD Vance win the 2028 US Presidential Election?,0x7ad403c3508f8e3912940fd1a913f227591145ca0614074208e0b962d5fcc422,No,"0x709e8dcb133555794decc598e07f2c923b8366f5, 0xa49becb692927d455924583b5e3e5788246f4c40",2,SKIP,4,0,,skip,"Meskipun trader yang terlibat memiliki track record yang solid, jumlah trader yang sepakat hanya 2 orang, yang terlalu kecil untuk dianggap sebagai consensus yang kuat. Selain itu, market ini terkait dengan pemilihan presiden AS 2028, yang masih jauh dan banyak faktor yang dapat mempengaruhi hasilnya.",0
2026-07-01,14:23:54,CONSENSUS,Will Portugal win on 2026-06-17?,0xcaaa1338d38b5c614196c9a926dd84babc3984442f2ec9b937a16284a199ec3a,Yes,"0x26437896ed9dfeb2f69765edcafe8fdceaab39ae, 0xe9a6ed2e4d4ee8ce47cd47cac834746dc4cf627b",2,SKIP,4,0,,skip,"Meskipun salah satu trader memiliki track record yang solid dengan 26 kali klaim kemenangan, jumlah trader yang terlibat masih sangat kecil, hanya 2 orang, sehingga sample size tidak cukup besar untuk mempercayai consensus ini. Selain itu, market tentang kemenangan Portugal pada tanggal tertentu bisa dipengaruhi oleh banyak faktor yang tidak terduga, membuatnya kurang dapat diprediksi.",0
2026-07-01,14:23:54,CONSENSUS,Will JD Vance win the 2028 US Presidential Election?,0x7ad403c3508f8e3912940fd1a913f227591145ca0614074208e0b962d5fcc422,No,"0x709e8dcb133555794decc598e07f2c923b8366f5, 0xa49becb692927d455924583b5e3e5788246f4c40",2,SKIP,4,0,,skip,"Meskipun kedua trader memiliki track record yang solid, sample size yang kecil dan market yang secara inheren tidak pasti membuat keputusan ini kurang dapat dipercaya. Selain itu, hanya dua trader yang terlibat, yang mungkin tidak cukup untuk mewakili suara mayoritas.",0
2026-07-01,14:24:59,CONSENSUS,Will Portugal win on 2026-06-17?,0xcaaa1338d38b5c614196c9a926dd84babc3984442f2ec9b937a16284a199ec3a,Yes,"0x26437896ed9dfeb2f69765edcafe8fdceaab39ae, 0xe9a6ed2e4d4ee8ce47cd47cac834746dc4cf627b",2,SKIP,4,0,,skip,"Meskipun ada dua trader independen yang sepakat pada outcome ini, jumlah trader yang terlibat masih terlalu kecil untuk dianggap sebagai consensus yang kuat. Selain itu, track record trader yang terlibat, meskipun solid, tidak cukup untuk menghilangkan keraguan tentang keakuratan prediksi ini.",0
2026-07-01,14:25:00,CONSENSUS,Will JD Vance win the 2028 US Presidential Election?,0x7ad403c3508f8e3912940fd1a913f227591145ca0614074208e0b962d5fcc422,No,"0x709e8dcb133555794decc598e07f2c923b8366f5, 0xa49becb692927d455924583b5e3e5788246f4c40",2,SKIP,4,0,,skip,"Meskipun trader yang terlibat memiliki track record yang solid, jumlah trader yang sepakat hanya dua, yang merupakan sample size yang kecil. Selain itu, market ini terkait dengan pemilihan presiden AS 2028, yang masih jauh dan banyak faktor yang dapat mempengaruhi hasilnya.",0
2026-07-01,14:26:04,CONSENSUS,Will Portugal win on 2026-06-17?,0xcaaa1338d38b5c614196c9a926dd84babc3984442f2ec9b937a16284a199ec3a,Yes,"0x26437896ed9dfeb2f69765edcafe8fdceaab39ae, 0xe9a6ed2e4d4ee8ce47cd47cac834746dc4cf627b",2,SKIP,4,0,,skip,"Meskipun ada dua trader independen yang sepakat pada outcome ini, sample size yang kecil dan track record yang berbeda-beda membuatnya kurang dapat diandalkan. Trader dengan wallet 0x26437896 memiliki track record yang relatif lemah dibandingkan dengan trader lainnya, sehingga membuat kesepakatan ini kurang solid.",0
2026-07-01,14:26:05,CONSENSUS,Will JD Vance win the 2028 US Presidential Election?,0x7ad403c3508f8e3912940fd1a913f227591145ca0614074208e0b962d5fcc422,No,"0x709e8dcb133555794decc598e07f2c923b8366f5, 0xa49becb692927d455924583b5e3e5788246f4c40",2,SKIP,4,0,,skip,"Meskipun kedua trader memiliki track record yang solid, sample size yang kecil dan market yang secara inheren tidak pasti membuat keputusan ini kurang dapat diandalkan. Selain itu, hanya dua trader yang sepakat pada outcome ini, yang mungkin tidak cukup untuk mewakili keseluruhan pasar.",0
2026-07-01,14:27:08,CONSENSUS,Will Portugal win on 2026-06-17?,0xcaaa1338d38b5c614196c9a926dd84babc3984442f2ec9b937a16284a199ec3a,Yes,"0x26437896ed9dfeb2f69765edcafe8fdceaab39ae, 0xe9a6ed2e4d4ee8ce47cd47cac834746dc4cf627b",2,SKIP,4,0,,skip,"Meskipun ada dua trader independen yang sepakat pada outcome ini, track record mereka yang solid tidak cukup untuk menghilangkan keraguan karena sample size kecil dan market yang mungkin memiliki banyak variabel tak terduga. Selain itu, jumlah trader yang terlibat masih terlalu sedikit untuk dianggap sebagai consensus yang kuat.",0
2026-07-01,14:27:09,CONSENSUS,Will JD Vance win the 2028 US Presidential Election?,0x7ad403c3508f8e3912940fd1a913f227591145ca0614074208e0b962d5fcc422,No,"0x709e8dcb133555794decc598e07f2c923b8366f5, 0xa49becb692927d455924583b5e3e5788246f4c40",2,SKIP,4,0,,skip,"Meskipun trader yang terlibat memiliki track record yang solid, jumlah trader yang sepakat hanya 2, sehingga sample size terlalu kecil untuk dianggap sebagai consensus yang kuat. Selain itu, market ini terkait dengan pemilihan presiden yang masih jauh, sehingga banyak faktor yang dapat mempengaruhi hasilnya.",0
2026-07-01,14:28:13,CONSENSUS,Will Portugal win on 2026-06-17?,0xcaaa1338d38b5c614196c9a926dd84babc3984442f2ec9b937a16284a199ec3a,Yes,"0x26437896ed9dfeb2f69765edcafe8fdceaab39ae, 0xe9a6ed2e4d4ee8ce47cd47cac834746dc4cf627b",2,SKIP,4,0,,skip,"Meskipun salah satu trader memiliki track record yang solid dengan 26 kali klaim kemenangan, jumlah trader yang terlibat masih sangat kecil (hanya 2 trader) dan tidak cukup untuk membentuk konsensus yang kuat. Selain itu, market tentang kemenangan Portugal pada tanggal 2026-06-17 bisa jadi sangat tidak pasti dan dipengaruhi oleh banyak faktor, sehingga membuat keputusan ini kurang dapat diandalkan.",0
2026-07-01,14:28:14,CONSENSUS,Will JD Vance win the 2028 US Presidential Election?,0x7ad403c3508f8e3912940fd1a913f227591145ca0614074208e0b962d5fcc422,No,"0x709e8dcb133555794decc598e07f2c923b8366f5, 0xa49becb692927d455924583b5e3e5788246f4c40",2,SKIP,4,0,,skip,"Meskipun trader yang terlibat memiliki track record yang solid, jumlah trader yang sepakat masih sangat kecil yaitu hanya 2 orang, sehingga sampelnya terlalu kecil untuk dianggap sebagai konsensus yang kuat. Selain itu, pasar pemilihan presiden AS 2028 masih sangat jauh dan banyak faktor yang dapat mempengaruhi hasilnya, membuat prediksi menjadi kurang akurat.",0
2026-07-01,14:29:18,CONSENSUS,Will Portugal win on 2026-06-17?,0xcaaa1338d38b5c614196c9a926dd84babc3984442f2ec9b937a16284a199ec3a,Yes,"0x26437896ed9dfeb2f69765edcafe8fdceaab39ae, 0xe9a6ed2e4d4ee8ce47cd47cac834746dc4cf627b",2,SKIP,4,0,,skip,"Meskipun salah satu trader memiliki track record yang solid dengan 26 kali klaim kemenangan, sample size trader yang terlibat masih kecil (hanya 2 trader) dan tidak cukup untuk membangun kepercayaan yang kuat. Selain itu, market tentang kemenangan Portugal pada tanggal tertentu bisa dipengaruhi oleh banyak faktor yang tidak terduga, sehingga membuat prediksi menjadi kurang akurat.",0
2026-07-01,14:29:19,CONSENSUS,Will JD Vance win the 2028 US Presidential Election?,0x7ad403c3508f8e3912940fd1a913f227591145ca0614074208e0b962d5fcc422,No,"0x709e8dcb133555794decc598e07f2c923b8366f5, 0xa49becb692927d455924583b5e3e5788246f4c40",2,SKIP,4,0,,skip,"Meskipun trader yang terlibat memiliki track record klaim kemenangan yang solid, jumlah trader yang sepakat hanya 2 dan market yang dipilih memiliki tingkat ketidakpastian yang tinggi, sehingga membuat consensus ini kurang dapat diandalkan. Selain itu, sample size yang kecil juga membuat keputusan ini kurang meyakinkan.",0
2026-07-01,14:30:23,CONSENSUS,Will Portugal win on 2026-06-17?,0xcaaa1338d38b5c614196c9a926dd84babc3984442f2ec9b937a16284a199ec3a,Yes,"0x26437896ed9dfeb2f69765edcafe8fdceaab39ae, 0xe9a6ed2e4d4ee8ce47cd47cac834746dc4cf627b",2,SKIP,4,0,,skip,"Meskipun salah satu trader memiliki track record yang solid dengan 26 kali klaim kemenangan, jumlah trader yang terlibat masih sangat kecil (hanya 2 trader) dan tidak cukup untuk membangun kepercayaan yang kuat. Selain itu, market tentang kemenangan Portugal pada 2026-06-17 memiliki tingkat ketidakpastian yang tinggi.",0
2026-07-01,14:30:24,CONSENSUS,Will JD Vance win the 2028 US Presidential Election?,0x7ad403c3508f8e3912940fd1a913f227591145ca0614074208e0b962d5fcc422,No,"0x709e8dcb133555794decc598e07f2c923b8366f5, 0xa49becb692927d455924583b5e3e5788246f4c40",2,SKIP,4,0,,skip,"Meskipun trader yang terlibat memiliki track record yang solid, jumlah trader yang sepakat hanya 2 orang, sehingga sample size-nya terlalu kecil untuk dianggap sebagai consensus yang kuat. Selain itu, market tentang pemilihan presiden AS 2028 masih terlalu jauh dan banyak faktor yang tidak pasti, sehingga membuat prediksi menjadi kurang akurat.",0
2026-07-01,14:31:29,CONSENSUS,Will Portugal win on 2026-06-17?,0xcaaa1338d38b5c614196c9a926dd84babc3984442f2ec9b937a16284a199ec3a,Yes,"0x26437896ed9dfeb2f69765edcafe8fdceaab39ae, 0xe9a6ed2e4d4ee8ce47cd47cac834746dc4cf627b",2,SKIP,4,0,,skip,"Meskipun ada dua trader independen yang sepakat pada outcome ini, sample size masih sangat kecil dan track record trader yang terlibat berbeda-beda, sehingga tidak cukup untuk membangun kepercayaan yang kuat, serta market tentang pertandingan sepak bola yang dapat dipengaruhi oleh banyak faktor tidak terduga.",0
2026-07-01,14:31:30,CONSENSUS,Will JD Vance win the 2028 US Presidential Election?,0x7ad403c3508f8e3912940fd1a913f227591145ca0614074208e0b962d5fcc422,No,"0x709e8dcb133555794decc598e07f2c923b8366f5, 0xa49becb692927d455924583b5e3e5788246f4c40",2,SKIP,4,0,,skip,"Meskipun kedua trader memiliki track record yang solid, jumlah trader yang terlibat masih sangat kecil (hanya 2 trader) dan tidak cukup untuk membentuk kesimpulan yang kuat. Selain itu, market ini terkait dengan pemilihan presiden yang masih jauh di masa depan dan banyak faktor yang tidak pasti, sehingga membuat konsensus ini kurang dapat diandalkan.",0
2026-07-01,14:32:34,CONSENSUS,Will Portugal win on 2026-06-17?,0xcaaa1338d38b5c614196c9a926dd84babc3984442f2ec9b937a16284a199ec3a,Yes,"0x26437896ed9dfeb2f69765edcafe8fdceaab39ae, 0xe9a6ed2e4d4ee8ce47cd47cac834746dc4cf627b",2,SKIP,4,0,,skip,"Meskipun ada dua trader independen yang sepakat pada outcome ini, sample size masih terlalu kecil dan track record salah satu trader relatif baru dengan hanya 3 kali klaim kemenangan, sehingga belum cukup untuk membangun kepercayaan yang kuat.",0
2026-07-01,14:32:35,CONSENSUS,Will JD Vance win the 2028 US Presidential Election?,0x7ad403c3508f8e3912940fd1a913f227591145ca0614074208e0b962d5fcc422,No,"0x709e8dcb133555794decc598e07f2c923b8366f5, 0xa49becb692927d455924583b5e3e5788246f4c40",2,SKIP,4,0,,skip,"Meskipun trader yang terlibat memiliki track record yang solid, jumlah trader yang sepakat hanya 2, yang terlalu kecil untuk dianggap sebagai consensus yang kuat. Selain itu, market tentang pemilihan presiden 2028 masih terlalu jauh dan banyak faktor yang dapat mempengaruhi hasilnya, sehingga keputusan ini lebih seperti kebetulan atau herd behavior.",0
2026-07-01,14:33:39,CONSENSUS,Will Portugal win on 2026-06-17?,0xcaaa1338d38b5c614196c9a926dd84babc3984442f2ec9b937a16284a199ec3a,Yes,"0x26437896ed9dfeb2f69765edcafe8fdceaab39ae, 0xe9a6ed2e4d4ee8ce47cd47cac834746dc4cf627b",2,SKIP,4,0,,skip,"Meskipun salah satu trader memiliki track record yang solid dengan 26 kali klaim kemenangan, jumlah trader yang terlibat masih sangat kecil (hanya 2 trader) dan tidak cukup untuk membentuk kesimpulan yang kuat. Selain itu, market tentang kemenangan Portugal pada tanggal tertentu bisa sangat tidak pasti dan dipengaruhi oleh banyak faktor, sehingga membuat keputusan ini kurang dapat diandalkan.",0
2026-07-01,14:33:40,CONSENSUS,Will JD Vance win the 2028 US Presidential Election?,0x7ad403c3508f8e3912940fd1a913f227591145ca0614074208e0b962d5fcc422,No,"0x709e8dcb133555794decc598e07f2c923b8366f5, 0xa49becb692927d455924583b5e3e5788246f4c40",2,SKIP,4,0,,skip,"Meskipun trader yang terlibat memiliki track record yang solid, jumlah trader yang sepakat hanya 2, yang terlalu kecil untuk dianggap sebagai konsensus yang kuat. Selain itu, market ini berhubungan dengan pemilihan presiden 2028 yang masih jauh dan banyak faktor yang tidak pasti, sehingga sulit untuk memprediksi dengan akurat.",0
2026-07-01,14:34:45,CONSENSUS,Will Portugal win on 2026-06-17?,0xcaaa1338d38b5c614196c9a926dd84babc3984442f2ec9b937a16284a199ec3a,Yes,"0x26437896ed9dfeb2f69765edcafe8fdceaab39ae, 0xe9a6ed2e4d4ee8ce47cd47cac834746dc4cf627b",2,SKIP,4,0,,skip,"Meskipun ada dua trader independen yang sepakat pada outcome ini, sample size terlalu kecil dan track record trader yang lebih berpengalaman tidak sepenuhnya relevan dengan market ini. Selain itu, market tentang kemenangan Portugal pada tanggal tertentu bisa dipengaruhi oleh banyak faktor yang tidak terprediksi, sehingga membuat keputusan ini kurang dapat diandalkan.",0
2026-07-01,14:34:47,CONSENSUS,Will JD Vance win the 2028 US Presidential Election?,0x7ad403c3508f8e3912940fd1a913f227591145ca0614074208e0b962d5fcc422,No,"0x709e8dcb133555794decc598e07f2c923b8366f5, 0xa49becb692927d455924583b5e3e5788246f4c40",2,SKIP,4,0,,skip,"Meskipun trader yang terlibat memiliki track record yang solid, jumlah trader yang sepakat hanya 2, yang terlalu kecil untuk dianggap sebagai consensus yang kuat. Selain itu, market ini terkait dengan pemilihan presiden AS 2028, yang masih jauh dan banyak faktor yang dapat mempengaruhi hasilnya.",0
2026-07-01,14:35:53,CONSENSUS,Will Portugal win on 2026-06-17?,0xcaaa1338d38b5c614196c9a926dd84babc3984442f2ec9b937a16284a199ec3a,Yes,"0x26437896ed9dfeb2f69765edcafe8fdceaab39ae, 0xe9a6ed2e4d4ee8ce47cd47cac834746dc4cf627b",2,SKIP,4,0,,skip,"Meskipun trader yang terlibat memiliki track record yang solid, jumlah trader yang sepakat hanya 2 orang, sehingga sample size terlalu kecil untuk dianggap sebagai consensus yang kuat. Selain itu, market tentang kemenangan Portugal pada 2026-06-17 masih terlalu jauh dan banyak faktor yang dapat mempengaruhi hasilnya.",0
2026-07-01,14:35:54,CONSENSUS,Will JD Vance win the 2028 US Presidential Election?,0x7ad403c3508f8e3912940fd1a913f227591145ca0614074208e0b962d5fcc422,No,"0x709e8dcb133555794decc598e07f2c923b8366f5, 0xa49becb692927d455924583b5e3e5788246f4c40",2,SKIP,4,0,,skip,"Meskipun trader yang terlibat memiliki track record yang solid, sample size hanya 2 trader yang sepakat pada outcome yang sama, sehingga masih terlalu kecil untuk dianggap sebagai consensus yang kuat. Selain itu, market tentang pemilihan presiden 2028 masih sangat jauh dan banyak faktor yang dapat mempengaruhi hasilnya, sehingga membuat prediksi menjadi lebih sulit dan tidak pasti.",0
2026-07-01,14:37:01,CONSENSUS,Will Portugal win on 2026-06-17?,0xcaaa1338d38b5c614196c9a926dd84babc3984442f2ec9b937a16284a199ec3a,Yes,"0x26437896ed9dfeb2f69765edcafe8fdceaab39ae, 0xe9a6ed2e4d4ee8ce47cd47cac834746dc4cf627b",2,SKIP,4,0,,skip,"Meskipun salah satu trader memiliki track record yang solid dengan 26 kali klaim kemenangan, jumlah trader yang terlibat masih sangat kecil, yaitu hanya 2 trader, sehingga sample size tidak cukup besar untuk mempercayai consensus ini. Selain itu, market tentang kemenangan Portugal pada tanggal tertentu bisa sangat tidak pasti dan dipengaruhi oleh banyak faktor, membuatnya kurang masuk akal untuk diandalkan.",0
2026-07-01,14:37:02,CONSENSUS,Will JD Vance win the 2028 US Presidential Election?,0x7ad403c3508f8e3912940fd1a913f227591145ca0614074208e0b962d5fcc422,No,"0x709e8dcb133555794decc598e07f2c923b8366f5, 0xa49becb692927d455924583b5e3e5788246f4c40",2,SKIP,4,0,,skip,"Meskipun trader yang terlibat memiliki track record yang solid, sample size hanya 2 trader dan market yang diprediksi adalah pemilihan presiden 2028 yang masih jauh dan banyak faktor yang tidak pasti, sehingga membuat keputusan ini kurang dapat diandalkan.",0
2026-07-01,14:39:59,CONSENSUS,Will Portugal win on 2026-06-17?,0xcaaa1338d38b5c614196c9a926dd84babc3984442f2ec9b937a16284a199ec3a,Yes,"0x26437896ed9dfeb2f69765edcafe8fdceaab39ae, 0xe9a6ed2e4d4ee8ce47cd47cac834746dc4cf627b",2,SKIP,4,0,,skip,"Meskipun trader dengan wallet 0xe9a6ed2e memiliki track record yang solid dengan 26 kali klaim kemenangan, sample size keseluruhan masih kecil karena hanya melibatkan 2 trader independen. Selain itu, market tentang kemenangan Portugal pada tanggal tertentu bisa sangat tidak pasti dan dipengaruhi banyak faktor, sehingga membuat keputusan ini kurang dapat diandalkan.",0
2026-07-01,14:40:02,CONSENSUS,Will JD Vance win the 2028 US Presidential Election?,0x7ad403c3508f8e3912940fd1a913f227591145ca0614074208e0b962d5fcc422,No,"0x709e8dcb133555794decc598e07f2c923b8366f5, 0xa49becb692927d455924583b5e3e5788246f4c40",2,SKIP,4,0,,skip,"Meskipun trader yang terlibat memiliki track record yang solid, jumlah trader yang sepakat hanya 2 orang, sehingga sample size terlalu kecil untuk dianggap sebagai konsensus yang kuat. Selain itu, market ini terkait dengan pemilihan presiden yang masih jauh, sehingga banyak variabel yang tidak pasti dan dapat mempengaruhi hasilnya.",0
2026-07-01,14:51:27,CONSENSUS,Will Portugal win on 2026-06-17?,0xcaaa1338d38b5c614196c9a926dd84babc3984442f2ec9b937a16284a199ec3a,Yes,"0x26437896ed9dfeb2f69765edcafe8fdceaab39ae, 0xe9a6ed2e4d4ee8ce47cd47cac834746dc4cf627b",2,SKIP,5,0,,skip,"Kualitas individu trader cukup baik dengan net PnL positif dan win rate solid, namun hanya dua trader yang terlibat dan sample size tidak terlalu besar. Selain itu, kesepakatan hanya dari dua trader membuat kekuatan konsensus masih terbatas.",0
2026-07-01,14:51:28,CONSENSUS,Will JD Vance win the 2028 US Presidential Election?,0x7ad403c3508f8e3912940fd1a913f227591145ca0614074208e0b962d5fcc422,No,"0x709e8dcb133555794decc598e07f2c923b8366f5, 0xa49becb692927d455924583b5e3e5788246f4c40",2,SKIP,5,0,,skip,"Kualitas individu trader yang terlibat cukup baik, namun jumlah trader yang sepakat hanya dua dan tidak ada yang memiliki win rate di atas 60% dengan sample size yang sangat besar, sehingga kekuatan kesepakatan masih terbatas. Selain itu, tidak ada informasi yang cukup untuk menilai apakah consensus ini berdasarkan analisis independen atau hanya mengikuti sinyal luar.",0
2026-07-01,22:21:10,CONSENSUS,Spread: Spain (-2.5),0xe76d397afa47ea028b914eec69543c69f9bbec8c313bd3a1dba022bd050b4c22,Spain,"0x26437896ed9dfeb2f69765edcafe8fdceaab39ae, 0xe9a6ed2e4d4ee8ce47cd47cac834746dc4cf627b",2,SKIP,1.71,0,,skip,"Keputusan untuk SKIP dalam pertandingan ini masuk akal karena skor yang diberikan oleh formula matematis cukup rendah, yaitu 1,71/10. Hal ini menunjukkan bahwa formula tidak memiliki keyakinan yang kuat untuk memilih salah satu pihak dalam pertandingan ini. Dengan melihat track record kedua trader yang terlibat, yang memiliki win rate yang cukup tinggi dan jumlah posisi yang telah ditutup, keputusan untuk SKIP ini tampaknya lebih sebagai kehati-hatian untuk menghindari risiko daripada kepercayaan pada salah satu pihak.",0
2026-07-01,22:21:12,CONSENSUS,Will Portugal win on 2026-06-17?,0xcaaa1338d38b5c614196c9a926dd84babc3984442f2ec9b937a16284a199ec3a,Yes,"0x26437896ed9dfeb2f69765edcafe8fdceaab39ae, 0xe9a6ed2e4d4ee8ce47cd47cac834746dc4cf627b",2,SKIP,1.71,0,,skip,"Keputusan untuk SKIP mempertimbangkan skor yang relatif rendah dari formula, yaitu 1.71/10, yang menunjukkan bahwa peluang Portugal untuk menang pada 2026-06-17 tidak terlalu kuat. Ditambah dengan track record kedua trader yang memiliki win rate yang cukup tinggi, yaitu 60.9% dan 57.5%, maka keputusan untuk tidak mengambil risiko pada pertandingan ini tampaknya merupakan pilihan yang hati-hati dan rasional.",0
2026-07-01,22:21:15,CONSENSUS,Will JD Vance win the 2028 US Presidential Election?,0x7ad403c3508f8e3912940fd1a913f227591145ca0614074208e0b962d5fcc422,No,"0x709e8dcb133555794decc598e07f2c923b8366f5, 0xa49becb692927d455924583b5e3e5788246f4c40",2,SKIP,0.89,0,,skip,"Dengan skor 0,89/10, keputusan untuk SKIP mempertimbangkan bahwa kemungkinan JD Vance memenangkan Pemilu Presiden 2028 tampaknya rendah. Track record trader yang terlibat, dengan win rate yang relatif tinggi dan jumlah posisi yang cukup banyak, menunjukkan bahwa mereka memiliki kemampuan yang baik dalam menganalisis pasar. Berita terkait yang menunjukkan penurunan peluang JD Vance juga mendukung keputusan ini, meskipun keputusan akhir lebih banyak dipengaruhi oleh analisis data dan performa trader.",0
2026-07-01,22:21:17,CONSENSUS,Will Portugal win on 2026-06-27?,0x597e0e209cef883bb95c6905f07d8066c3ef35652087d3611c43b93f0ed237c2,Yes,"0x709e8dcb133555794decc598e07f2c923b8366f5, 0x28059b3fb7af7ed76d83dc9121bbb72ec7cf76ed",2,SKIP,0.12,0,,skip,"Keputusan untuk SKIP mempertimbangkan skor yang sangat rendah dari formula, yaitu 0.12/10, yang menunjukkan bahwa peluang Portugal untuk menang tidak terlalu menguntungkan. Dengan melihat track record kedua trader yang memiliki win rate di atas 50%, keputusan ini masuk akal karena tidak ingin mengambil risiko yang terlalu besar dengan peluang yang rendah. Konteks tambahan dari berita tentang pertandingan Colombia vs Portugal yang berakhir dengan skor 0-0 juga menunjukkan bahwa Portugal belum menunjukkan performa yang kuat.",0
2026-07-01,22:21:19,CONSENSUS,Spread: Argentina (-2.5),0x1724602469147f55b70a28dbb596a2d7580eb0082b89aab07da8a36f10910669,Argentina,"0x709e8dcb133555794decc598e07f2c923b8366f5, 0xe9a6ed2e4d4ee8ce47cd47cac834746dc4cf627b",2,SKIP,0.62,0,,skip,"Keputusan untuk SKIP dalam pertandingan ini masuk akal karena skor yang diberikan oleh formula matematis cukup rendah, yaitu 0.62/10. Hal ini menunjukkan bahwa formula tidak memiliki keyakinan yang kuat terhadap kemampuan trader untuk memenangkan pertandingan ini, meskipun track record mereka menunjukkan win rate yang cukup tinggi. Dengan hanya dua trader yang sepakat, mungkin formula mempertimbangkan bahwa jumlah trader yang terlibat masih terlalu sedikit untuk menghasilkan keputusan yang akurat.",0
2026-07-01,22:33:30,CONSENSUS,Spread: Spain (-2.5),0xe76d397afa47ea028b914eec69543c69f9bbec8c313bd3a1dba022bd050b4c22,Spain,"0x26437896ed9dfeb2f69765edcafe8fdceaab39ae, 0xe9a6ed2e4d4ee8ce47cd47cac834746dc4cf627b",2,SKIP,1.71,0,,skip,"Keputusan untuk SKIP dalam pertandingan ini masuk akal karena skor yang diberikan oleh formula matematis cukup rendah, yaitu 1,71/10, yang menunjukkan bahwa peluang kemenangan Spain dengan spread -2,5 tidak terlalu menguntungkan. Meskipun kedua trader memiliki track record yang baik dengan win rate di atas 50%, jumlah trader yang sepakat relatif kecil, sehingga keputusan untuk SKIP dapat dianggap sebagai langkah hati-hati untuk menghindari risiko kerugian.",0
2026-07-01,22:33:32,CONSENSUS,Will Portugal win on 2026-06-17?,0xcaaa1338d38b5c614196c9a926dd84babc3984442f2ec9b937a16284a199ec3a,Yes,"0x26437896ed9dfeb2f69765edcafe8fdceaab39ae, 0xe9a6ed2e4d4ee8ce47cd47cac834746dc4cf627b",2,SKIP,1.71,0,,skip,"Keputusan untuk SKIP mempertimbangkan skor yang relatif rendah dari formula, yaitu 1.71/10, yang menunjukkan bahwa peluang Portugal untuk menang tidak terlalu kuat. Meskipun kedua trader memiliki track record yang cukup baik dengan win rate di atas 50%, skor yang rendah ini menyarankan untuk tidak mengambil risiko pada pertandingan ini. Dengan konteks tambahan bahwa Portugal memiliki peluang yang relatif kecil untuk memenangkan Piala Dunia 2026, keputusan untuk SKIP tampaknya merupakan pilihan yang hati-hati.",0
2026-07-01,22:33:35,CONSENSUS,Will JD Vance win the 2028 US Presidential Election?,0x7ad403c3508f8e3912940fd1a913f227591145ca0614074208e0b962d5fcc422,No,"0x709e8dcb133555794decc598e07f2c923b8366f5, 0xa49becb692927d455924583b5e3e5788246f4c40",2,SKIP,0.89,0,,skip,"Keputusan untuk SKIP dalam mempertimbangkan kemenangan JD Vance di Pemilu Presiden AS 2028 masuk akal karena skor yang diberikan oleh formula matematis cukup rendah, yaitu 0.89/10. Hal ini menunjukkan bahwa formula tersebut tidak yakin dengan peluang kemenangan JD Vance. Dengan melihat track record kedua trader yang terlibat, yang memiliki win rate dan net PnL yang cukup baik, keputusan ini tampaknya lebih didasarkan pada analisis data yang teliti daripada spekulasi atau berita terkait yang mungkin tidak sepenuhnya akurat.",0
2026-07-01,22:33:37,CONSENSUS,Will Portugal win on 2026-06-27?,0x597e0e209cef883bb95c6905f07d8066c3ef35652087d3611c43b93f0ed237c2,Yes,"0x709e8dcb133555794decc598e07f2c923b8366f5, 0x28059b3fb7af7ed76d83dc9121bbb72ec7cf76ed",2,SKIP,0.12,0,,skip,"Keputusan untuk SKIP membeli opsi ""Ya"" bahwa Portugal akan menang pada 2026-06-27 masuk akal karena skor yang diberikan oleh formula matematis sangat rendah, yaitu 0.12/10. Hal ini menunjukkan bahwa kemungkinan Portugal menang tidak terlalu besar berdasarkan analisis yang dilakukan. Meskipun ada beberapa trader yang sepakat dengan keputusan ini, track record mereka yang relatif baik dengan win rate di atas 50% menunjukkan bahwa mereka memiliki kemampuan analisis yang cukup baik, namun dalam kasus ini, formula matematis lebih mendukung keputusan untuk tidak membeli opsi tersebut.",0
2026-07-01,22:33:39,CONSENSUS,Spread: Argentina (-2.5),0x1724602469147f55b70a28dbb596a2d7580eb0082b89aab07da8a36f10910669,Argentina,"0x709e8dcb133555794decc598e07f2c923b8366f5, 0xe9a6ed2e4d4ee8ce47cd47cac834746dc4cf627b",2,SKIP,0.62,0,,skip,"Keputusan untuk SKIP dalam trading ini masuk akal karena skor yang diberikan oleh formula matematis relatif rendah, yaitu 0.62/10, menunjukkan bahwa peluang untuk mendapatkan hasil yang baik tidak terlalu tinggi. Meskipun track record dari trader yang terlibat menunjukkan win rate yang cukup baik, yaitu 51.2% dan 57.5%, skor yang rendah ini menyarankan untuk tidak mengambil risiko dalam trading ini. Konteks tambahan tentang interest rate spread di Argentina tidak secara langsung mempengaruhi keputusan ini, tetapi menunjukkan bahwa kondisi ekonomi dapat berfluktuasi dan mempengaruhi keputusan trading.",0
2026-07-01,22:36:33,CONSENSUS,Spread: Spain (-2.5),0xe76d397afa47ea028b914eec69543c69f9bbec8c313bd3a1dba022bd050b4c22,Spain,"0x26437896ed9dfeb2f69765edcafe8fdceaab39ae, 0xe9a6ed2e4d4ee8ce47cd47cac834746dc4cf627b",2,SKIP,1.71,0,,skip,"Keputusan untuk SKIP dalam pertandingan ini masuk akal karena skor yang diperoleh dari formula matematis cukup rendah, yaitu 1,71/10, menunjukkan bahwa tidak ada keunggulan yang signifikan untuk memilih Spain dengan spread -2,5. Meskipun track record dari trader yang sepakat dengan keputusan ini menunjukkan win rate yang cukup tinggi, jumlah trader yang sepakat relatif kecil, sehingga keputusan untuk SKIP dapat dianggap sebagai pilihan yang lebih konservatif.",0
2026-07-01,22:36:34,CONSENSUS,Will Portugal win on 2026-06-17?,0xcaaa1338d38b5c614196c9a926dd84babc3984442f2ec9b937a16284a199ec3a,Yes,"0x26437896ed9dfeb2f69765edcafe8fdceaab39ae, 0xe9a6ed2e4d4ee8ce47cd47cac834746dc4cf627b",2,SKIP,1.71,0,,skip,"Keputusan untuk SKIP mempertimbangkan skor yang relatif rendah dari formula, yaitu 1.71/10, yang menunjukkan bahwa peluang kemenangan Portugal tidak terlalu kuat. Dengan melihat track record kedua trader yang sepakat, meskipun mereka memiliki win rate yang cukup tinggi, namun skor yang rendah dari formula ini menunjukkan bahwa keputusan untuk tidak mengambil posisi pada pertandingan ini mungkin lebih bijak untuk menghindari risiko kerugian.",0
2026-07-01,22:36:37,CONSENSUS,Will JD Vance win the 2028 US Presidential Election?,0x7ad403c3508f8e3912940fd1a913f227591145ca0614074208e0b962d5fcc422,No,"0x709e8dcb133555794decc598e07f2c923b8366f5, 0xa49becb692927d455924583b5e3e5788246f4c40",2,SKIP,0.89,0,,skip,"Keputusan untuk SKIP dalam memprediksi kemenangan JD Vance pada Pemilu Presiden AS 2028 masuk akal karena skor yang diberikan oleh formula matematis cukup rendah, yaitu 0.89/10. Hal ini menunjukkan bahwa formula tersebut tidak memiliki keyakinan yang kuat terhadap kemenangan JD Vance. Dengan melihat track record kedua trader yang memiliki win rate yang cukup tinggi, yaitu 51.2% dan 62.1%, keputusan untuk SKIP dapat dianggap sebagai langkah yang hati-hati dalam menghindari risiko kerugian.",0
2026-07-01,22:36:39,CONSENSUS,Will Portugal win on 2026-06-27?,0x597e0e209cef883bb95c6905f07d8066c3ef35652087d3611c43b93f0ed237c2,Yes,"0x709e8dcb133555794decc598e07f2c923b8366f5, 0x28059b3fb7af7ed76d83dc9121bbb72ec7cf76ed",2,SKIP,0.12,0,,skip,"Keputusan untuk SKIP membeli opsi ""Ya"" bahwa Portugal akan menang pada 2026-06-27 masuk akal karena skor yang diberikan oleh formula matematis sangat rendah, yaitu 0,12/10. Ini menunjukkan bahwa kemungkinan Portugal menang tidak terlalu besar berdasarkan analisis yang dilakukan. Meskipun track record dari kedua trader menunjukkan win rate yang cukup tinggi, namun skor yang rendah ini menandakan bahwa dalam kasus ini, keputusan untuk tidak membeli opsi ""Ya"" adalah yang paling bijak.",0
2026-07-01,22:36:41,CONSENSUS,Spread: Argentina (-2.5),0x1724602469147f55b70a28dbb596a2d7580eb0082b89aab07da8a36f10910669,Argentina,"0x709e8dcb133555794decc598e07f2c923b8366f5, 0xe9a6ed2e4d4ee8ce47cd47cac834746dc4cf627b",2,SKIP,0.62,0,,skip,"Keputusan untuk SKIP dalam trading ini masuk akal karena skor yang diberikan oleh formula matematis cukup rendah, yaitu 0,62 dari 10. Hal ini menunjukkan bahwa kombinasi faktor-faktor yang dianalisis tidak cukup kuat untuk mendukung keputusan trading yang agresif. Meskipun track record dari trader yang terlibat menunjukkan win rate dan net PnL yang positif, skor yang rendah ini menyarankan untuk tidak mengambil risiko dan memilih untuk SKIP dalam kesempatan trading ini.",0
2026-07-01,22:58:26,CONSENSUS,England vs. DR Congo: O/U 2.5,0x0c0f8da3116a620a0b2031f2627ddcdcac3576a0c44284b0c94186bf269426c6,Under,"0x709e8dcb133555794decc598e07f2c923b8366f5, 0x28059b3fb7af7ed76d83dc9121bbb72ec7cf76ed, 0xfea31bc088000ff909be1dfd8d0e3f2c7ef2d227",3,SKIP,1.62,0,,skip,"Keputusan untuk SKIP dalam pertandingan England vs DR Congo dengan taruhan Over/Under 2.5 gol didukung oleh skor yang relatif rendah dari formula, yaitu 1.62/10. Hal ini menunjukkan bahwa formula tidak yakin dengan kemungkinan hasil Under dalam pertandingan ini. Meskipun track record trader menunjukkan performa yang baik, dengan win rate yang tinggi dan jumlah posisi yang telah ditutup, skor formula yang rendah menunjukkan bahwa ada ketidakpastian dalam memprediksi hasil pertandingan ini.",0
2026-07-02,17:26:08,CONSENSUS,Côte d'Ivoire vs. Norway: Team to Advance,0xdf9b5fe5a7cac5e2c26cd36a08bb1456d61ba7e00c96868e57d38b5775c78ae9,Côte dIvoire,"0xc6a63ad5a788a576d4acc9911c50fef9fde49458, 0x28059b3fb7af7ed76d83dc9121bbb72ec7cf76ed",2,SKIP,0.26,0,,skip,"Keputusan untuk skip mempertimbangkan pertandingan Côte d'Ivoire vs Norway masuk akal karena skor yang diberikan oleh formula matematis cukup rendah, yaitu 0.26/10. Hal ini menunjukkan bahwa formula tidak memiliki keyakinan yang kuat untuk memilih salah satu tim, sehingga keputusan untuk tidak mengambil posisi dalam pertandingan ini tampaknya merupakan pilihan yang hati-hati. Dengan melihat track record kedua trader yang memiliki win rate di atas 50%, keputusan ini sejalan dengan pendekatan yang konservatif dan berfokus pada pengelolaan risiko.",0
2026-07-02,17:26:10,CONSENSUS,Will Saudi Arabia win on 2026-06-26?,0xff3744285965810d599d4ac7037760134c349eab25c289c14ba2523320debda7,Yes,"0xc6a63ad5a788a576d4acc9911c50fef9fde49458, 0x28059b3fb7af7ed76d83dc9121bbb72ec7cf76ed",2,SKIP,0.26,0,,skip,"Keputusan untuk SKIP dalam pertandingan ini masuk akal karena skor yang diberikan oleh formula matematis sangat rendah, yaitu 0.26/10, menunjukkan bahwa kemungkinan Saudi Arabia menang tidak terlalu besar. Meskipun kedua trader memiliki track record yang cukup baik dengan win rate di atas 50%, jumlah trader yang sepakat relatif sedikit, yaitu hanya 2, sehingga keputusan untuk SKIP tampaknya lebih conservatif dan bijak. Konteks tambahan dari berita tentang pertandingan antara Cape Verde dan Saudi Arabia yang berakhir dengan skor 0-0 juga menunjukkan bahwa pertandingan ini mungkin tidak akan berjalan sesuai dengan ekspektasi.",0
2026-07-02,17:36:30,CONSENSUS,Côte d'Ivoire vs. Norway: Team to Advance,0xdf9b5fe5a7cac5e2c26cd36a08bb1456d61ba7e00c96868e57d38b5775c78ae9,Côte dIvoire,"0xc6a63ad5a788a576d4acc9911c50fef9fde49458, 0x28059b3fb7af7ed76d83dc9121bbb72ec7cf76ed",2,SKIP,0.31,0,,skip,"Keputusan untuk SKIP dalam pertandingan Côte d'Ivoire vs. Norway ini masuk akal karena skor yang dihasilkan oleh formula matematis cukup rendah, yaitu 0.31/10. Hal ini menunjukkan bahwa formula tidak cukup yakin dengan hasil pertandingan, sehingga memutuskan untuk tidak mengambil posisi. Dengan melihat track record kedua trader yang terlibat, yaitu win rate sekitar 51%, keputusan ini tampaknya lebih berhati-hati dan tidak ingin mengambil risiko yang tidak perlu.",0
2026-07-02,17:36:32,CONSENSUS,Will Saudi Arabia win on 2026-06-26?,0xff3744285965810d599d4ac7037760134c349eab25c289c14ba2523320debda7,Yes,"0xc6a63ad5a788a576d4acc9911c50fef9fde49458, 0x28059b3fb7af7ed76d83dc9121bbb72ec7cf76ed",2,SKIP,0.31,0,,skip,"Keputusan untuk SKIP dalam pertandingan antara Saudi Arabia dan lawannya pada 2026-06-26 masuk akal karena skor yang dihasilkan oleh formula matematis cukup rendah, yaitu 0.31/10. Hal ini menunjukkan bahwa formula tidak memiliki keyakinan yang kuat untuk memprediksi kemenangan Saudi Arabia. Meskipun dua trader memiliki track record yang cukup baik dengan win rate di atas 51%, namun skor yang rendah ini menunjukkan bahwa formula lebih berhati-hati dalam mengambil keputusan.",0
